﻿{"cameraMode":{"drawMode":0,"name":"Shaded","section":"Shading Mode"},"sceneLighting":true,"audioPlay":false,"sceneViewState":{"showFog":true,"showMaterialUpdate":false,"showSkybox":true,"showFlares":true,"showImageEffects":true,"showParticleSystems":true},"in2DMode":false,"pivot":{"x":23.49801254272461,"y":-154.5688934326172,"z":269.5555114746094},"rotation":{"x":0.31458330154418948,"y":0.684994101524353,"z":-0.4498790502548218,"w":0.47898778319358828},"size":84.81929779052735,"orthographic":false}